<?xml version="1.0" encoding="ISO-8859-1" ?>
<!DOCTYPE scenario SYSTEM "sipp.dtd">

<!-- This program is free software; you can redistribute it and/or      -->
<!-- modify it under the terms of the GNU General Public License as     -->
<!-- published by the Free Software Foundation; either version 2 of the -->
<!-- License, or (at your option) any later version.                    -->
<!--                                                                    -->
<!-- This program is distributed in the hope that it will be useful,    -->
<!-- but WITHOUT ANY WARRANTY; without even the implied warranty of     -->
<!-- MERCHANTABILITY or FITNESS FOR A PARTICULAR PURPOSE.  See the      -->
<!-- GNU General Public License for more details.                       -->
<!--                                                                    -->
<!-- You should have received a copy of the GNU General Public License  -->
<!-- along with this program; if not, write to the                      -->
<!-- Free Software Foundation, Inc.,                                    -->
<!-- 59 Temple Place, Suite 330, Boston, MA  02111-1307 USA             -->
<!--                                                                    -->
<!--                 Sipp default 'uas' scenario.                       -->
<!--                                                                    -->

<scenario name="Calling in to the prompt and collect FitNesse test">

  <!-- ********************* -->
  <!-- Call the Call Flow system -->
  <!-- Listen to subflow retrival audio -->
  <!-- ********************* -->

  <send retrans="500">
    <![CDATA[

      INVITE sip:inbound-promptandcollect@[remote_ip]:[remote_port] SIP/2.0
      Via: SIP/2.0/[transport] [local_ip]:[local_port];branch=[branch]
      From: sip:sipp@bt.com;tag=[pid]SIPpTag00[call_number]
      To: sip:inbound-promptandcollect@bt.com
      Call-ID: [call_id]
      CSeq: 1 INVITE
      Contact: sip:sipp@[local_ip]:[local_port]
      Max-Forwards: 70
      Content-Type: application/sdp
      Content-Length: [len]

      v=0
      o=user1 53655765 2353687637 IN IP[local_ip_type] [local_ip]
      s=-
      c=IN IP[media_ip_type] [media_ip]
      t=0 0
      m=audio [auto_media_port] RTP/AVP 8 101
      a=rtpmap:8 PCMA/8000
      a=rtpmap:101 telephone-event/8000
      a=fmtp:101 0-11,16
    ]]>
  </send>

  <recv response="100" optional="true"/>
  <recv response="180" optional="true"/>
  <recv response="200" rtd="true"/>
  
  <send crlf="true">
    <![CDATA[

     ACK sip:inbound-promptandcollect@[remote_ip]:[remote_port] SIP/2.0
      Via: SIP/2.0/[transport] [local_ip]:[local_port];branch=[branch]
      From: sip:sipp@bt.com;tag=[pid]SIPpTag00[call_number]
      To: sut <sip:inbound-promptandcollect:[remote_port]>[peer_tag_param]
      Call-ID: [call_id]
      CSeq: 1 ACK
      Contact: sip:sipp@[local_ip]:[local_port]
      Max-Forwards: 70
      Subject: Performance Test
      Content-Length: 0
      
    ]]>
  </send>
  

  <!-- ************************ -->
  <!-- Send  DTMF -->
  <!-- ************************ -->
  <pause milliseconds="2000"/>
  
  <nop>
    <action>
      <exec play_pcap_audio="dtmf_2833_1.pcap"/>
    </action>
  </nop>
  <pause milliseconds="500"/>
  <nop>
    <action>
      <exec play_pcap_audio="dtmf_2833_pound.pcap"/>
    </action>
  </nop>


  <recv request="BYE" />

  <send>
    <![CDATA[

      SIP/2.0 200 OK
      [last_Via:]
      [last_From:]
      [last_To:]
      [last_Call-ID:]
      [last_CSeq:]
      Max-Forwards: 70
      Contact: <sip:[local_ip]:[local_port];transport=[transport]>
      Content-Length: 0

    ]]>
  </send>

  <!-- Keep the call open for a while in case the 200 is lost to be     -->
  <!-- able to retransmit it if we receive the BYE again.               -->
  <pause milliseconds="1000"/>

  
  <!-- definition of the response time repartition table (unit is ms)   -->
  <ResponseTimeRepartition value="10, 20, 30, 40, 50, 100, 150, 200"/>

  <!-- definition of the call length repartition table (unit is ms)     -->
  <CallLengthRepartition value="10, 50, 100, 500, 1000, 5000, 10000"/>

</scenario>

