<?xml version="1.0" encoding="UTF-8"?>
<!--
Copyright (c) 2008, British Telecommunications plc
 	
All rights reserved.
 	
Redistribution, copy, create derivative works, distribute, issue, perform,
assisting performance, broadcast, adapt, possess, display, make, sell, offer
to sell and import in source and binary forms, with or without modification,
are permitted provided that the following conditions are met:
 	
* Redistributions of source code must retain the above copyright notice, this
list of conditions and the following disclaimer. * Redistributions in binary
form must reproduce the above copyright notice, this list of conditions and
the following disclaimer in the documentation and/or other materials provided
with the distribution. * Neither the name of the British Telecommunications
plc nor the names of its contributors may be used to endorse or promote
products derived from this software without specific prior written permission.

THIS SOFTWARE IS PROVIDED BY THE COPYRIGHT HOLDERS AND CONTRIBUTORS "AS IS"
AND ANY EXPRESS OR IMPLIED WARRANTIES, INCLUDING, BUT NOT LIMITED TO, THE
IMPLIED WARRANTIES OF MERCHANTABILITY OR SATISFACTORY QUALITY AND FITNESS FOR
A PARTICULAR PURPOSE ARE DISCLAIMED. IN NO EVENT SHALL THE COPYRIGHT OWNER OR
CONTRIBUTORS BE LIABLE FOR ANY DIRECT, INDIRECT, INCIDENTAL, SPECIAL,
EXEMPLARY, OR CONSEQUENTIAL DAMAGES (INCLUDING, BUT NOT LIMITED TO,
PROCUREMENT OF SUBSTITUTE GOODS OR SERVICES; LOSS OF USE, DATA, OR PROFITS; OR
BUSINESS INTERRUPTION) HOWEVER CAUSED AND ON ANY THEORY OF LIABILITY, WHETHER
IN CONTRACT, STRICT LIABILITY, OR TORT (INCLUDING NEGLIGENCE OR OTHERWISE)
ARISING IN ANY WAY OUT OF THE USE OF THIS SOFTWARE, EVEN IF ADVISED OF THE
POSSIBILITY OF SUCH DAMAGE.
-->
<beans xmlns="http://www.springframework.org/schema/beans"
	xmlns:xsi="http://www.w3.org/2001/XMLSchema-instance"
	xmlns:aop="http://www.springframework.org/schema/aop"
	xsi:schemaLocation="http://www.springframework.org/schema/beans
              http://www.springframework.org/schema/beans/spring-beans.xsd
              http://www.springframework.org/schema/aop
              http://www.springframework.org/schema/aop/spring-aop.xsd">

	<import resource="classpath:core-ctx.xml" />
	<import resource="classpath:memory-collections-ctx.xml" />
	<!-- import resource="classpath:database-collections-ctx.xml" /-->
	<!-- import resource="classpath:database-defaultdatasource-ctx.xml" /-->
	<import resource="classpath:mockphone-ctx.xml" />

	<!-- we do not import config-ctx.xml, so we can define our own -->
	<bean id="propertyPlaceholderConfigurer" class="org.springframework.beans.factory.config.PropertyOverrideConfigurer">
		<property name="ignoreResourceNotFound" value="true"/>
  		<property name="locations">
  			<list>
  				<value>second.sip.properties</value>
  			</list>
  		</property>
  	</bean>

	<!-- inbound dialog handling rules -->
	<bean id="incomingDialogRule" class="com.bt.aloha.dialog.IncomingDialogRouterRule">
		<property name="rulePattern" value=".*[in|out]bound.*" />
		<property name="dialogSipBean" ref="inboundCallLegBean" />
	</bean>

	<bean id="dialogRouter" class="com.bt.aloha.dialog.DialogRouter">
		<constructor-arg index="0">
			<list>
				<ref local="incomingDialogRule"/>
			</list>
		</constructor-arg>
	</bean>

	<!-- dialog beans -->
	<bean id="inboundCallLegBean" class="com.bt.aloha.callleg.InboundCallLegBeanImpl" />

	<bean id="outboundCallLegBean" class="com.bt.aloha.callleg.OutboundCallLegBeanImpl" />

	<!-- call beans -->

	<bean id="callBean" class="com.bt.aloha.call.CallBeanImpl">
		<property name="inboundCallLegBean" ref="inboundCallLegBean" />
		<property name="outboundCallLegBean" ref="outboundCallLegBean" />
	</bean>
</beans>